id,date,store_nbr,item_nbr,unit_sales,onpromotion,year,month,day,dayofweek,weekofyear,is_weekend,quarter,is_month_start,is_month_end,season
66458908,2016-01-01,25,105574,12.0,0,2016,1,1,4,53,0,1,1,0,0
66458909,2016-01-01,25,105575,9.0,0,2016,1,1,4,53,0,1,1,0,0
66458910,2016-01-01,25,105857,3.0,0,2016,1,1,4,53,0,1,1,0,0
66458911,2016-01-01,25,108634,3.0,0,2016,1,1,4,53,0,1,1,0,0
66458912,2016-01-01,25,108701,2.0,1,2016,1,1,4,53,0,1,1,0,0
66458913,2016-01-01,25,108786,2.0,0,2016,1,1,4,53,0,1,1,0,0
66458914,2016-01-01,25,108797,1.0,0,2016,1,1,4,53,0,1,1,0,0
66458915,2016-01-01,25,108952,12.0,0,2016,1,1,4,53,0,1,1,0,0
66458916,2016-01-01,25,111397,5.0,0,2016,1,1,4,53,0,1,1,0,0
66458917,2016-01-01,25,114790,4.0,0,2016,1,1,4,53,0,1,1,0,0
66458918,2016-01-01,25,114799,2.0,0,2016,1,1,4,53,0,1,1,0,0
66458919,2016-01-01,25,114800,1.0,0,2016,1,1,4,53,0,1,1,0,0
66458920,2016-01-01,25,115267,3.0,0,2016,1,1,4,53,0,1,1,0,0
66458921,2016-01-01,25,115611,6.0,0,2016,1,1,4,53,0,1,1,0,0
66458922,2016-01-01,25,115693,3.0,0,2016,1,1,4,53,0,1,1,0,0
66458923,2016-01-01,25,115720,10.0,0,2016,1,1,4,53,0,1,1,0,0
66458924,2016-01-01,25,115850,3.0,0,2016,1,1,4,53,0,1,1,0,0
66458925,2016-01-01,25,115891,16.0,0,2016,1,1,4,53,0,1,1,0,0
66458926,2016-01-01,25,115892,10.0,0,2016,1,1,4,53,0,1,1,0,0
66458927,2016-01-01,25,115894,8.0,0,2016,1,1,4,53,0,1,1,0,0
66458928,2016-01-01,25,116017,9.0,0,2016,1,1,4,53,0,1,1,0,0
66458929,2016-01-01,25,119023,5.0,0,2016,1,1,4,53,0,1,1,0,0
66458930,2016-01-01,25,119024,1.0,0,2016,1,1,4,53,0,1,1,0,0
66458931,2016-01-01,25,119026,14.0,0,2016,1,1,4,53,0,1,1,0,0
66458932,2016-01-01,25,119141,5.0,0,2016,1,1,4,53,0,1,1,0,0
66458934,2016-01-01,25,122425,1.0,0,2016,1,1,4,53,0,1,1,0,0
66458936,2016-01-01,25,123927,1.0,0,2016,1,1,4,53,0,1,1,0,0
66458937,2016-01-01,25,127534,1.0,0,2016,1,1,4,53,0,1,1,0,0
66458938,2016-01-01,25,127547,3.0,1,2016,1,1,4,53,0,1,1,0,0
66458939,2016-01-01,25,129296,1.0,0,2016,1,1,4,53,0,1,1,0,0
66458940,2016-01-01,25,129297,4.0,0,2016,1,1,4,53,0,1,1,0,0
66458942,2016-01-01,25,129758,15.0,0,2016,1,1,4,53,0,1,1,0,0
66458943,2016-01-01,25,153078,1.0,0,2016,1,1,4,53,0,1,1,0,0
66458944,2016-01-01,25,153239,14.0,0,2016,1,1,4,53,0,1,1,0,0
66458945,2016-01-01,25,153267,8.0,0,2016,1,1,4,53,0,1,1,0,0
66458946,2016-01-01,25,153398,1.0,0,2016,1,1,4,53,0,1,1,0,0
66458947,2016-01-01,25,155601,6.0,0,2016,1,1,4,53,0,1,1,0,0
66458948,2016-01-01,25,155607,4.0,0,2016,1,1,4,53,0,1,1,0,0
66458949,2016-01-01,25,155610,3.0,0,2016,1,1,4,53,0,1,1,0,0
66458950,2016-01-01,25,155621,2.0,0,2016,1,1,4,53,0,1,1,0,0
66458951,2016-01-01,25,158680,2.0,1,2016,1,1,4,53,0,1,1,0,0
66458952,2016-01-01,25,158788,2.0,0,2016,1,1,4,53,0,1,1,0,0
66458953,2016-01-01,25,158789,2.0,0,2016,1,1,4,53,0,1,1,0,0
66458954,2016-01-01,25,158842,2.0,0,2016,1,1,4,53,0,1,1,0,0
66458955,2016-01-01,25,158875,1.0,0,2016,1,1,4,53,0,1,1,0,0
66458956,2016-01-01,25,158956,3.0,0,2016,1,1,4,53,0,1,1,0,0
66458958,2016-01-01,25,159242,1.0,0,2016,1,1,4,53,0,1,1,0,0
66458959,2016-01-01,25,162066,3.0,0,2016,1,1,4,53,0,1,1,0,0
66458960,2016-01-01,25,164037,1.0,0,2016,1,1,4,53,0,1,1,0,0
66458961,2016-01-01,25,164088,2.0,0,2016,1,1,4,53,0,1,1,0,0
66458962,2016-01-01,25,164647,1.0,0,2016,1,1,4,53,0,1,1,0,0
66458963,2016-01-01,25,165550,12.0,0,2016,1,1,4,53,0,1,1,0,0
66458964,2016-01-01,25,165551,4.0,0,2016,1,1,4,53,0,1,1,0,0
66458965,2016-01-01,25,165553,12.0,0,2016,1,1,4,53,0,1,1,0,0
66458967,2016-01-01,25,165693,2.0,0,2016,1,1,4,53,0,1,1,0,0
66458969,2016-01-01,25,165705,8.0,0,2016,1,1,4,53,0,1,1,0,0
66458970,2016-01-01,25,165988,1.0,0,2016,1,1,4,53,0,1,1,0,0
66458972,2016-01-01,25,168930,9.0,0,2016,1,1,4,53,0,1,1,0,0
66458973,2016-01-01,25,168989,2.0,0,2016,1,1,4,53,0,1,1,0,0
66458974,2016-01-01,25,170791,4.0,0,2016,1,1,4,53,0,1,1,0,0
66458975,2016-01-01,25,173113,1.0,0,2016,1,1,4,53,0,1,1,0,0
66458976,2016-01-01,25,177050,2.0,0,2016,1,1,4,53,0,1,1,0,0
66458977,2016-01-01,25,177395,2.0,0,2016,1,1,4,53,0,1,1,0,0
66458978,2016-01-01,25,179564,3.0,0,2016,1,1,4,53,0,1,1,0,0
66458979,2016-01-01,25,179600,2.0,0,2016,1,1,4,53,0,1,1,0,0
66458980,2016-01-01,25,179615,13.0,0,2016,1,1,4,53,0,1,1,0,0
66458981,2016-01-01,25,205387,1.0,0,2016,1,1,4,53,0,1,1,0,0
66458982,2016-01-01,25,205486,1.0,0,2016,1,1,4,53,0,1,1,0,0
66458983,2016-01-01,25,205557,1.0,0,2016,1,1,4,53,0,1,1,0,0
66458984,2016-01-01,25,207857,15.0,0,2016,1,1,4,53,0,1,1,0,0
66458985,2016-01-01,25,208386,4.0,1,2016,1,1,4,53,0,1,1,0,0
66458986,2016-01-01,25,208426,3.0,1,2016,1,1,4,53,0,1,1,0,0
66458987,2016-01-01,25,208498,5.0,0,2016,1,1,4,53,0,1,1,0,0
66458988,2016-01-01,25,208514,6.0,0,2016,1,1,4,53,0,1,1,0,0
66458989,2016-01-01,25,208530,8.125,0,2016,1,1,4,53,0,1,1,0,0
66458990,2016-01-01,25,208659,7.0,0,2016,1,1,4,53,0,1,1,0,0
66458991,2016-01-01,25,209085,5.0,0,2016,1,1,4,53,0,1,1,0,0
66458992,2016-01-01,25,211203,11.0,0,2016,1,1,4,53,0,1,1,0,0
66458993,2016-01-01,25,212550,1.0,0,2016,1,1,4,53,0,1,1,0,0
66458994,2016-01-01,25,213653,3.0,0,2016,1,1,4,53,0,1,1,0,0
66458995,2016-01-01,25,213788,3.0,0,2016,1,1,4,53,0,1,1,0,0
66458996,2016-01-01,25,214381,2.0,0,2016,1,1,4,53,0,1,1,0,0
66458997,2016-01-01,25,214859,1.0,0,2016,1,1,4,53,0,1,1,0,0
66458998,2016-01-01,25,214862,3.0,0,2016,1,1,4,53,0,1,1,0,0
66458999,2016-01-01,25,215303,2.0,0,2016,1,1,4,53,0,1,1,0,0
66459000,2016-01-01,25,215304,2.0,0,2016,1,1,4,53,0,1,1,0,0
66459001,2016-01-01,25,215331,9.0,0,2016,1,1,4,53,0,1,1,0,0
66459002,2016-01-01,25,215332,3.0,0,2016,1,1,4,53,0,1,1,0,0
66459003,2016-01-01,25,215352,7.0,0,2016,1,1,4,53,0,1,1,0,0
66459005,2016-01-01,25,215370,1.0,0,2016,1,1,4,53,0,1,1,0,0
66459006,2016-01-01,25,217827,9.0,0,2016,1,1,4,53,0,1,1,0,0
66459007,2016-01-01,25,219147,7.0,0,2016,1,1,4,53,0,1,1,0,0
66459009,2016-01-01,25,219152,14.0,0,2016,1,1,4,53,0,1,1,0,0
66459010,2016-01-01,25,220435,16.0,0,2016,1,1,4,53,0,1,1,0,0
66459011,2016-01-01,25,220613,6.0,1,2016,1,1,4,53,0,1,1,0,0
66459012,2016-01-01,25,222879,15.0,0,2016,1,1,4,53,0,1,1,0,0
66459013,2016-01-01,25,223434,4.0,0,2016,1,1,4,53,0,1,1,0,0
66459014,2016-01-01,25,224081,5.0,0,2016,1,1,4,53,0,1,1,0,0
66459015,2016-01-01,25,226857,3.0,0,2016,1,1,4,53,0,1,1,0,0
66459016,2016-01-01,25,227111,2.0,1,2016,1,1,4,53,0,1,1,0,0
66459017,2016-01-01,25,229368,12.0,0,2016,1,1,4,53,0,1,1,0,0
66459018,2016-01-01,25,246052,1.0,0,2016,1,1,4,53,0,1,1,0,0
66459019,2016-01-01,25,250782,1.0,0,2016,1,1,4,53,0,1,1,0,0
66459020,2016-01-01,25,252970,4.0,0,2016,1,1,4,53,0,1,1,0,0
66459021,2016-01-01,25,252972,2.0,0,2016,1,1,4,53,0,1,1,0,0
66459022,2016-01-01,25,253103,14.0,0,2016,1,1,4,53,0,1,1,0,0
66459023,2016-01-01,25,253145,10.0,0,2016,1,1,4,53,0,1,1,0,0
66459024,2016-01-01,25,255161,2.0,0,2016,1,1,4,53,0,1,1,0,0
66459025,2016-01-01,25,255202,1.0,0,2016,1,1,4,53,0,1,1,0,0
66459029,2016-01-01,25,258376,3.0,0,2016,1,1,4,53,0,1,1,0,0
66459030,2016-01-01,25,258395,2.0,0,2016,1,1,4,53,0,1,1,0,0
66459031,2016-01-01,25,258396,11.0,0,2016,1,1,4,53,0,1,1,0,0
66459032,2016-01-01,25,258537,1.0,0,2016,1,1,4,53,0,1,1,0,0
66459033,2016-01-01,25,261052,8.0,0,2016,1,1,4,53,0,1,1,0,0
66459034,2016-01-01,25,261053,1.0,0,2016,1,1,4,53,0,1,1,0,0
66459035,2016-01-01,25,261700,6.0,0,2016,1,1,4,53,0,1,1,0,0
66459036,2016-01-01,25,262358,5.0,0,2016,1,1,4,53,0,1,1,0,0
66459037,2016-01-01,25,262991,1.0,0,2016,1,1,4,53,0,1,1,0,0
66459038,2016-01-01,25,264452,4.0,0,2016,1,1,4,53,0,1,1,0,0
66459039,2016-01-01,25,264752,1.0,0,2016,1,1,4,53,0,1,1,0,0
66459040,2016-01-01,25,265237,9.0,0,2016,1,1,4,53,0,1,1,0,0
66459041,2016-01-01,25,265254,16.0,0,2016,1,1,4,53,0,1,1,0,0
66459042,2016-01-01,25,265257,13.0,0,2016,1,1,4,53,0,1,1,0,0
66459043,2016-01-01,25,265258,9.0,0,2016,1,1,4,53,0,1,1,0,0
66459044,2016-01-01,25,265279,11.0,0,2016,1,1,4,53,0,1,1,0,0
66459046,2016-01-01,25,268662,3.0,0,2016,1,1,4,53,0,1,1,0,0
66459047,2016-01-01,25,268676,9.0,0,2016,1,1,4,53,0,1,1,0,0
66459048,2016-01-01,25,268834,5.0,0,2016,1,1,4,53,0,1,1,0,0
66459050,2016-01-01,25,269036,17.0,0,2016,1,1,4,53,0,1,1,0,0
66459051,2016-01-01,25,269287,9.0,0,2016,1,1,4,53,0,1,1,0,0
66459052,2016-01-01,25,273528,14.0,0,2016,1,1,4,53,0,1,1,0,0
66459053,2016-01-01,25,275823,4.0,0,2016,1,1,4,53,0,1,1,0,0
66459054,2016-01-01,25,275826,1.0,0,2016,1,1,4,53,0,1,1,0,0
66459055,2016-01-01,25,278806,4.0,0,2016,1,1,4,53,0,1,1,0,0
66459056,2016-01-01,25,279137,1.0,0,2016,1,1,4,53,0,1,1,0,0
66459057,2016-01-01,25,279157,2.0,0,2016,1,1,4,53,0,1,1,0,0
66459058,2016-01-01,25,302952,6.0,0,2016,1,1,4,53,0,1,1,0,0
66459059,2016-01-01,25,302998,2.0,0,2016,1,1,4,53,0,1,1,0,0
66459060,2016-01-01,25,305080,15.0,0,2016,1,1,4,53,0,1,1,0,0
66459061,2016-01-01,25,305227,2.0,0,2016,1,1,4,53,0,1,1,0,0
66459063,2016-01-01,25,305341,4.0,0,2016,1,1,4,53,0,1,1,0,0
66459064,2016-01-01,25,305344,10.0,0,2016,1,1,4,53,0,1,1,0,0
66459065,2016-01-01,25,308085,6.0,0,2016,1,1,4,53,0,1,1,0,0
66459066,2016-01-01,25,308726,12.0,0,2016,1,1,4,53,0,1,1,0,0
66459067,2016-01-01,25,308916,16.0,0,2016,1,1,4,53,0,1,1,0,0
66459069,2016-01-01,25,310647,2.0,0,2016,1,1,4,53,0,1,1,0,0
66459070,2016-01-01,25,311954,4.0,0,2016,1,1,4,53,0,1,1,0,0
66459072,2016-01-01,25,312324,3.0,0,2016,1,1,4,53,0,1,1,0,0
66459074,2016-01-01,25,314393,2.0,0,2016,1,1,4,53,0,1,1,0,0
66459075,2016-01-01,25,314570,6.0,0,2016,1,1,4,53,0,1,1,0,0
66459076,2016-01-01,25,314881,1.0,0,2016,1,1,4,53,0,1,1,0,0
66459079,2016-01-01,25,315179,12.0,0,2016,1,1,4,53,0,1,1,0,0
66459080,2016-01-01,25,315180,7.0,0,2016,1,1,4,53,0,1,1,0,0
66459081,2016-01-01,25,315320,3.0,0,2016,1,1,4,53,0,1,1,0,0
66459082,2016-01-01,25,315322,10.0,0,2016,1,1,4,53,0,1,1,0,0
66459084,2016-01-01,25,315463,2.0,0,2016,1,1,4,53,0,1,1,0,0
66459086,2016-01-01,25,318847,4.0,0,2016,1,1,4,53,0,1,1,0,0
66459087,2016-01-01,25,318932,1.0,1,2016,1,1,4,53,0,1,1,0,0
66459088,2016-01-01,25,319093,3.0,1,2016,1,1,4,53,0,1,1,0,0
66459089,2016-01-01,25,319094,6.0,1,2016,1,1,4,53,0,1,1,0,0
66459090,2016-01-01,25,319272,5.0,0,2016,1,1,4,53,0,1,1,0,0
66459091,2016-01-01,25,322094,1.0,0,2016,1,1,4,53,0,1,1,0,0
66459092,2016-01-01,25,322095,1.0,0,2016,1,1,4,53,0,1,1,0,0
66459093,2016-01-01,25,323013,8.0,0,2016,1,1,4,53,0,1,1,0,0
66459094,2016-01-01,25,323921,4.0,0,2016,1,1,4,53,0,1,1,0,0
66459095,2016-01-01,25,324206,2.0,0,2016,1,1,4,53,0,1,1,0,0
66459096,2016-01-01,25,326951,5.0,0,2016,1,1,4,53,0,1,1,0,0
66459097,2016-01-01,25,329070,1.0,0,2016,1,1,4,53,0,1,1,0,0
66459098,2016-01-01,25,329361,2.0,0,2016,1,1,4,53,0,1,1,0,0
66459099,2016-01-01,25,329362,2.0,0,2016,1,1,4,53,0,1,1,0,0
66459100,2016-01-01,25,329397,12.0,0,2016,1,1,4,53,0,1,1,0,0
66459101,2016-01-01,25,346065,1.0,0,2016,1,1,4,53,0,1,1,0,0
66459102,2016-01-01,25,352513,1.0,0,2016,1,1,4,53,0,1,1,0,0
66459103,2016-01-01,25,354922,1.0,0,2016,1,1,4,53,0,1,1,0,0
66459104,2016-01-01,25,358100,2.0,0,2016,1,1,4,53,0,1,1,0,0
66459105,2016-01-01,25,358231,4.0,0,2016,1,1,4,53,0,1,1,0,0
66459106,2016-01-01,25,358264,11.0,0,2016,1,1,4,53,0,1,1,0,0
66459107,2016-01-01,25,358272,7.0,0,2016,1,1,4,53,0,1,1,0,0
66459108,2016-01-01,25,358515,3.0,0,2016,1,1,4,53,0,1,1,0,0
66459109,2016-01-01,25,358519,2.0,0,2016,1,1,4,53,0,1,1,0,0
66459110,2016-01-01,25,358561,5.0,0,2016,1,1,4,53,0,1,1,0,0
66459111,2016-01-01,25,358564,16.0,0,2016,1,1,4,53,0,1,1,0,0
66459112,2016-01-01,25,359913,9.0,0,2016,1,1,4,53,0,1,1,0,0
66459114,2016-01-01,25,360703,4.0,0,2016,1,1,4,53,0,1,1,0,0
66459115,2016-01-01,25,360704,1.0,0,2016,1,1,4,53,0,1,1,0,0
66459116,2016-01-01,25,361502,6.0,0,2016,1,1,4,53,0,1,1,0,0
66459117,2016-01-01,25,362548,12.0,0,2016,1,1,4,53,0,1,1,0,0
66459118,2016-01-01,25,363868,7.0,0,2016,1,1,4,53,0,1,1,0,0
66459119,2016-01-01,25,364413,2.0,0,2016,1,1,4,53,0,1,1,0,0
66459121,2016-01-01,25,364724,14.0,0,2016,1,1,4,53,0,1,1,0,0
66459123,2016-01-01,25,364829,2.0,0,2016,1,1,4,53,0,1,1,0,0
66459124,2016-01-01,25,364834,2.0,0,2016,1,1,4,53,0,1,1,0,0
66459126,2016-01-01,25,365138,4.0,0,2016,1,1,4,53,0,1,1,0,0
66459127,2016-01-01,25,365139,1.0,0,2016,1,1,4,53,0,1,1,0,0
66459128,2016-01-01,25,365140,1.0,0,2016,1,1,4,53,0,1,1,0,0
66459129,2016-01-01,25,368136,10.0,0,2016,1,1,4,53,0,1,1,0,0
66459130,2016-01-01,25,368139,8.0,0,2016,1,1,4,53,0,1,1,0,0
66459131,2016-01-01,25,368140,1.0,0,2016,1,1,4,53,0,1,1,0,0
66459132,2016-01-01,25,368260,2.0,0,2016,1,1,4,53,0,1,1,0,0
66459135,2016-01-01,25,369432,2.0,0,2016,1,1,4,53,0,1,1,0,0
66459136,2016-01-01,25,370042,12.0,0,2016,1,1,4,53,0,1,1,0,0
66459137,2016-01-01,25,371130,13.0,0,2016,1,1,4,53,0,1,1,0,0
66459138,2016-01-01,25,371434,1.0,0,2016,1,1,4,53,0,1,1,0,0
66459139,2016-01-01,25,372369,3.0,0,2016,1,1,4,53,0,1,1,0,0
66459140,2016-01-01,25,372480,5.0,0,2016,1,1,4,53,0,1,1,0,0
66459141,2016-01-01,25,372924,1.0,0,2016,1,1,4,53,0,1,1,0,0
66459142,2016-01-01,25,373152,6.0,0,2016,1,1,4,53,0,1,1,0,0
66459143,2016-01-01,25,374464,2.0,0,2016,1,1,4,53,0,1,1,0,0
66459144,2016-01-01,25,376194,9.0,0,2016,1,1,4,53,0,1,1,0,0
66459145,2016-01-01,25,376427,5.0,1,2016,1,1,4,53,0,1,1,0,0
66459146,2016-01-01,25,378330,2.0,0,2016,1,1,4,53,0,1,1,0,0
66459147,2016-01-01,25,378685,9.0,0,2016,1,1,4,53,0,1,1,0,0
66459148,2016-01-01,25,401817,8.0,0,2016,1,1,4,53,0,1,1,0,0
66459149,2016-01-01,25,402136,3.0,0,2016,1,1,4,53,0,1,1,0,0
66459151,2016-01-01,25,402175,3.0,0,2016,1,1,4,53,0,1,1,0,0
66459152,2016-01-01,25,404442,5.0,0,2016,1,1,4,53,0,1,1,0,0
66459153,2016-01-01,25,406965,6.0,0,2016,1,1,4,53,0,1,1,0,0
66459155,2016-01-01,25,407533,3.0,1,2016,1,1,4,53,0,1,1,0,0
66459156,2016-01-01,25,409739,2.0,0,2016,1,1,4,53,0,1,1,0,0
66459157,2016-01-01,25,410257,15.0,0,2016,1,1,4,53,0,1,1,0,0
66459158,2016-01-01,25,410866,16.0,0,2016,1,1,4,53,0,1,1,0,0
66459159,2016-01-01,25,413557,2.0,0,2016,1,1,4,53,0,1,1,0,0
66459160,2016-01-01,25,413987,2.0,0,2016,1,1,4,53,0,1,1,0,0
66459161,2016-01-01,25,414305,2.0,0,2016,1,1,4,53,0,1,1,0,0
66459162,2016-01-01,25,414425,3.0,0,2016,1,1,4,53,0,1,1,0,0
66459163,2016-01-01,25,414426,11.0,0,2016,1,1,4,53,0,1,1,0,0
66459165,2016-01-01,25,414455,2.0,0,2016,1,1,4,53,0,1,1,0,0
66459167,2016-01-01,25,414623,14.0,0,2016,1,1,4,53,0,1,1,0,0
66459168,2016-01-01,25,414750,1.0,0,2016,1,1,4,53,0,1,1,0,0
66459170,2016-01-01,25,414888,1.0,0,2016,1,1,4,53,0,1,1,0,0
66459171,2016-01-01,25,417765,13.0,0,2016,1,1,4,53,0,1,1,0,0
66459172,2016-01-01,25,417835,6.0,0,2016,1,1,4,53,0,1,1,0,0
66459173,2016-01-01,25,418024,4.0,1,2016,1,1,4,53,0,1,1,0,0
66459174,2016-01-01,25,418025,4.0,1,2016,1,1,4,53,0,1,1,0,0
66459177,2016-01-01,25,419729,4.0,1,2016,1,1,4,53,0,1,1,0,0
66459178,2016-01-01,25,421066,1.0,0,2016,1,1,4,53,0,1,1,0,0
66459179,2016-01-01,25,422452,7.0,0,2016,1,1,4,53,0,1,1,0,0
66459180,2016-01-01,25,426155,3.0,0,2016,1,1,4,53,0,1,1,0,0
66459182,2016-01-01,25,454326,1.0,0,2016,1,1,4,53,0,1,1,0,0
66459183,2016-01-01,25,454593,1.0,0,2016,1,1,4,53,0,1,1,0,0
66459184,2016-01-01,25,456870,5.0,0,2016,1,1,4,53,0,1,1,0,0
66459185,2016-01-01,25,456875,2.0,0,2016,1,1,4,53,0,1,1,0,0
66459187,2016-01-01,25,457425,3.0,1,2016,1,1,4,53,0,1,1,0,0
66459188,2016-01-01,25,457688,3.0,0,2016,1,1,4,53,0,1,1,0,0
66459189,2016-01-01,25,457727,1.0,0,2016,1,1,4,53,0,1,1,0,0
66459190,2016-01-01,25,457928,12.318,1,2016,1,1,4,53,0,1,1,0,0
66459191,2016-01-01,25,458029,14.0,0,2016,1,1,4,53,0,1,1,0,0
66459192,2016-01-01,25,459762,7.0,0,2016,1,1,4,53,0,1,1,0,0
66459193,2016-01-01,25,459804,1.0,0,2016,1,1,4,53,0,1,1,0,0
66459194,2016-01-01,25,463458,1.0,0,2016,1,1,4,53,0,1,1,0,0
66459195,2016-01-01,25,463598,3.0,0,2016,1,1,4,53,0,1,1,0,0
66459196,2016-01-01,25,463903,2.0,0,2016,1,1,4,53,0,1,1,0,0
66459197,2016-01-01,25,464263,12.0,0,2016,1,1,4,53,0,1,1,0,0
66459198,2016-01-01,25,464302,4.0,0,2016,1,1,4,53,0,1,1,0,0
66459199,2016-01-01,25,464333,2.0,0,2016,1,1,4,53,0,1,1,0,0
66459200,2016-01-01,25,464334,1.0,0,2016,1,1,4,53,0,1,1,0,0
66459201,2016-01-01,25,464336,3.0,0,2016,1,1,4,53,0,1,1,0,0
66459202,2016-01-01,25,464339,8.0,0,2016,1,1,4,53,0,1,1,0,0
66459203,2016-01-01,25,464356,4.0,0,2016,1,1,4,53,0,1,1,0,0
66459205,2016-01-01,25,464385,4.0,0,2016,1,1,4,53,0,1,1,0,0
66459207,2016-01-01,25,467808,2.0,0,2016,1,1,4,53,0,1,1,0,0
66459208,2016-01-01,25,468057,3.0,1,2016,1,1,4,53,0,1,1,0,0
66459209,2016-01-01,25,468058,9.0,1,2016,1,1,4,53,0,1,1,0,0
66459210,2016-01-01,25,468265,16.0,0,2016,1,1,4,53,0,1,1,0,0
66459211,2016-01-01,25,470625,6.0,0,2016,1,1,4,53,0,1,1,0,0
66459212,2016-01-01,25,470760,10.0,0,2016,1,1,4,53,0,1,1,0,0
66459213,2016-01-01,25,471980,5.0,0,2016,1,1,4,53,0,1,1,0,0
66459214,2016-01-01,25,471985,6.0,0,2016,1,1,4,53,0,1,1,0,0
66459215,2016-01-01,25,472645,2.0,0,2016,1,1,4,53,0,1,1,0,0
66459216,2016-01-01,25,472658,6.0,0,2016,1,1,4,53,0,1,1,0,0
66459217,2016-01-01,25,476261,2.0,1,2016,1,1,4,53,0,1,1,0,0
66459218,2016-01-01,25,479200,1.0,0,2016,1,1,4,53,0,1,1,0,0
66459219,2016-01-01,25,502067,2.0,0,2016,1,1,4,53,0,1,1,0,0
66459220,2016-01-01,25,502182,3.0,0,2016,1,1,4,53,0,1,1,0,0
66459221,2016-01-01,25,502224,4.0,0,2016,1,1,4,53,0,1,1,0,0
66459222,2016-01-01,25,502227,13.0,0,2016,1,1,4,53,0,1,1,0,0
66459223,2016-01-01,25,502230,8.0,0,2016,1,1,4,53,0,1,1,0,0
66459225,2016-01-01,25,507457,1.0,0,2016,1,1,4,53,0,1,1,0,0
66459227,2016-01-01,25,507479,6.0,1,2016,1,1,4,53,0,1,1,0,0
66459228,2016-01-01,25,507641,10.0,0,2016,1,1,4,53,0,1,1,0,0
66459229,2016-01-01,25,507867,1.0,0,2016,1,1,4,53,0,1,1,0,0
66459230,2016-01-01,25,507870,5.0,0,2016,1,1,4,53,0,1,1,0,0
66459231,2016-01-01,25,507927,1.0,0,2016,1,1,4,53,0,1,1,0,0
66459232,2016-01-01,25,507969,3.401,1,2016,1,1,4,53,0,1,1,0,0
66459233,2016-01-01,25,508947,3.0,0,2016,1,1,4,53,0,1,1,0,0
66459234,2016-01-01,25,509872,4.0,0,2016,1,1,4,53,0,1,1,0,0
66459235,2016-01-01,25,509877,6.0,0,2016,1,1,4,53,0,1,1,0,0
66459236,2016-01-01,25,510054,12.0,0,2016,1,1,4,53,0,1,1,0,0
66459237,2016-01-01,25,510055,6.0,0,2016,1,1,4,53,0,1,1,0,0
66459238,2016-01-01,25,510057,2.0,0,2016,1,1,4,53,0,1,1,0,0
66459239,2016-01-01,25,511172,2.0,0,2016,1,1,4,53,0,1,1,0,0
66459240,2016-01-01,25,513379,3.0,0,2016,1,1,4,53,0,1,1,0,0
66459241,2016-01-01,25,513855,3.0,0,2016,1,1,4,53,0,1,1,0,0
66459242,2016-01-01,25,514144,12.0,0,2016,1,1,4,53,0,1,1,0,0
66459243,2016-01-01,25,514149,2.0,0,2016,1,1,4,53,0,1,1,0,0
66459245,2016-01-01,25,514242,16.0,0,2016,1,1,4,53,0,1,1,0,0
66459247,2016-01-01,25,517615,1.0,0,2016,1,1,4,53,0,1,1,0,0
66459248,2016-01-01,25,517903,2.0,1,2016,1,1,4,53,0,1,1,0,0
66459249,2016-01-01,25,517905,5.0,1,2016,1,1,4,53,0,1,1,0,0
66459252,2016-01-01,25,519560,2.334,1,2016,1,1,4,53,0,1,1,0,0
66459253,2016-01-01,25,521818,2.0,0,2016,1,1,4,53,0,1,1,0,0
66459254,2016-01-01,25,522383,1.0,0,2016,1,1,4,53,0,1,1,0,0
66459255,2016-01-01,25,522721,7.0,0,2016,1,1,4,53,0,1,1,0,0
66459256,2016-01-01,25,522941,7.0,0,2016,1,1,4,53,0,1,1,0,0
66459257,2016-01-01,25,523054,2.0,0,2016,1,1,4,53,0,1,1,0,0
66459258,2016-01-01,25,525902,2.0,1,2016,1,1,4,53,0,1,1,0,0
66459259,2016-01-01,25,527757,12.0,0,2016,1,1,4,53,0,1,1,0,0
66459260,2016-01-01,25,552050,7.0,0,2016,1,1,4,53,0,1,1,0,0
66459261,2016-01-01,25,554047,8.0,0,2016,1,1,4,53,0,1,1,0,0
66459262,2016-01-01,25,554049,1.0,0,2016,1,1,4,53,0,1,1,0,0
66459263,2016-01-01,25,554152,1.0,0,2016,1,1,4,53,0,1,1,0,0
66459267,2016-01-01,25,557285,5.0,1,2016,1,1,4,53,0,1,1,0,0
66459269,2016-01-01,25,557420,13.0,0,2016,1,1,4,53,0,1,1,0,0
66459270,2016-01-01,25,557810,2.0,0,2016,1,1,4,53,0,1,1,0,0
66459271,2016-01-01,25,558730,9.0,0,2016,1,1,4,53,0,1,1,0,0
66459272,2016-01-01,25,559044,1.0,0,2016,1,1,4,53,0,1,1,0,0
66459273,2016-01-01,25,559680,3.0,0,2016,1,1,4,53,0,1,1,0,0
66459275,2016-01-01,25,559872,1.0,0,2016,1,1,4,53,0,1,1,0,0
66459277,2016-01-01,25,562568,5.0,0,2016,1,1,4,53,0,1,1,0,0
66459280,2016-01-01,25,564272,15.0,0,2016,1,1,4,53,0,1,1,0,0
66459282,2016-01-01,25,564288,16.0,0,2016,1,1,4,53,0,1,1,0,0
66459283,2016-01-01,25,564533,4.0,0,2016,1,1,4,53,0,1,1,0,0
66459284,2016-01-01,25,567588,12.0,0,2016,1,1,4,53,0,1,1,0,0
66459285,2016-01-01,25,567623,4.0,0,2016,1,1,4,53,0,1,1,0,0
66459286,2016-01-01,25,567781,11.0,1,2016,1,1,4,53,0,1,1,0,0
66459287,2016-01-01,25,567787,2.0,0,2016,1,1,4,53,0,1,1,0,0
66459289,2016-01-01,25,572838,1.0,0,2016,1,1,4,53,0,1,1,0,0
66459290,2016-01-01,25,575630,1.0,0,2016,1,1,4,53,0,1,1,0,0
66459291,2016-01-01,25,575863,1.0,0,2016,1,1,4,53,0,1,1,0,0
66459292,2016-01-01,25,575875,14.0,1,2016,1,1,4,53,0,1,1,0,0
66459293,2016-01-01,25,575876,2.0,1,2016,1,1,4,53,0,1,1,0,0
66459294,2016-01-01,25,577741,6.0,0,2016,1,1,4,53,0,1,1,0,0
66459295,2016-01-01,25,577743,3.0,0,2016,1,1,4,53,0,1,1,0,0
66459296,2016-01-01,25,578097,5.0,0,2016,1,1,4,53,0,1,1,0,0
66459297,2016-01-01,25,580929,2.0,0,2016,1,1,4,53,0,1,1,0,0
66459298,2016-01-01,25,581078,15.0,0,2016,1,1,4,53,0,1,1,0,0
66459299,2016-01-01,25,582863,4.904,1,2016,1,1,4,53,0,1,1,0,0
66459300,2016-01-01,25,582864,6.363,1,2016,1,1,4,53,0,1,1,0,0
66459301,2016-01-01,25,582865,10.995,1,2016,1,1,4,53,0,1,1,0,0
66459303,2016-01-01,25,583797,5.353,1,2016,1,1,4,53,0,1,1,0,0
66459304,2016-01-01,25,583925,4.175,1,2016,1,1,4,53,0,1,1,0,0
66459305,2016-01-01,25,583927,1.931,1,2016,1,1,4,53,0,1,1,0,0
66459306,2016-01-01,25,583931,4.779,1,2016,1,1,4,53,0,1,1,0,0
66459307,2016-01-01,25,583968,3.785,1,2016,1,1,4,53,0,1,1,0,0
66459308,2016-01-01,25,583973,5.656,1,2016,1,1,4,53,0,1,1,0,0
66459309,2016-01-01,25,584026,2.552,1,2016,1,1,4,53,0,1,1,0,0
66459310,2016-01-01,25,584027,1.902,1,2016,1,1,4,53,0,1,1,0,0
66459311,2016-01-01,25,584028,8.328,1,2016,1,1,4,53,0,1,1,0,0
66459312,2016-01-01,25,584076,3.072,1,2016,1,1,4,53,0,1,1,0,0
66459314,2016-01-01,25,584188,0.666,1,2016,1,1,4,53,0,1,1,0,0
66459315,2016-01-01,25,584246,6.42,1,2016,1,1,4,53,0,1,1,0,0
66459316,2016-01-01,25,586823,1.0,0,2016,1,1,4,53,0,1,1,0,0
66459317,2016-01-01,25,586911,2.0,0,2016,1,1,4,53,0,1,1,0,0
66459318,2016-01-01,25,586969,4.0,0,2016,1,1,4,53,0,1,1,0,0
66459319,2016-01-01,25,587069,5.0,0,2016,1,1,4,53,0,1,1,0,0
66459320,2016-01-01,25,587156,5.0,0,2016,1,1,4,53,0,1,1,0,0
66459321,2016-01-01,25,587186,9.0,0,2016,1,1,4,53,0,1,1,0,0
66459322,2016-01-01,25,589403,8.0,1,2016,1,1,4,53,0,1,1,0,0
66459323,2016-01-01,25,592801,16.0,0,2016,1,1,4,53,0,1,1,0,0
66459324,2016-01-01,25,594045,10.0,0,2016,1,1,4,53,0,1,1,0,0
66459325,2016-01-01,25,598414,1.0,0,2016,1,1,4,53,0,1,1,0,0
66459326,2016-01-01,25,598492,2.0,0,2016,1,1,4,53,0,1,1,0,0
66459327,2016-01-01,25,617092,6.0,1,2016,1,1,4,53,0,1,1,0,0
66459328,2016-01-01,25,617096,3.0,1,2016,1,1,4,53,0,1,1,0,0
66459329,2016-01-01,25,617103,4.0,1,2016,1,1,4,53,0,1,1,0,0
66459330,2016-01-01,25,617548,1.0,0,2016,1,1,4,53,0,1,1,0,0
66459331,2016-01-01,25,617763,1.0,0,2016,1,1,4,53,0,1,1,0,0
66459332,2016-01-01,25,619969,1.0,0,2016,1,1,4,53,0,1,1,0,0
66459333,2016-01-01,25,621300,4.0,0,2016,1,1,4,53,0,1,1,0,0
66459334,2016-01-01,25,623316,2.891,1,2016,1,1,4,53,0,1,1,0,0
66459335,2016-01-01,25,627263,5.0,0,2016,1,1,4,53,0,1,1,0,0
66459336,2016-01-01,25,627885,1.0,0,2016,1,1,4,53,0,1,1,0,0
66459337,2016-01-01,25,633996,3.64,1,2016,1,1,4,53,0,1,1,0,0
66459339,2016-01-01,25,634009,2.448,1,2016,1,1,4,53,0,1,1,0,0
66459340,2016-01-01,25,634010,0.744,1,2016,1,1,4,53,0,1,1,0,0
66459341,2016-01-01,25,634014,7.142,1,2016,1,1,4,53,0,1,1,0,0
66459342,2016-01-01,25,636846,1.0,0,2016,1,1,4,53,0,1,1,0,0
66459343,2016-01-01,25,637016,4.0,0,2016,1,1,4,53,0,1,1,0,0
66459344,2016-01-01,25,638296,1.0,0,2016,1,1,4,53,0,1,1,0,0
66459345,2016-01-01,25,640286,2.0,0,2016,1,1,4,53,0,1,1,0,0
66459346,2016-01-01,25,641042,5.0,0,2016,1,1,4,53,0,1,1,0,0
66459347,2016-01-01,25,645294,2.0,0,2016,1,1,4,53,0,1,1,0,0
66459348,2016-01-01,25,648313,1.0,0,2016,1,1,4,53,0,1,1,0,0
66459349,2016-01-01,25,651326,3.0,0,2016,1,1,4,53,0,1,1,0,0
66459350,2016-01-01,25,651523,5.0,0,2016,1,1,4,53,0,1,1,0,0
66459351,2016-01-01,25,655427,1.0,0,2016,1,1,4,53,0,1,1,0,0
66459352,2016-01-01,25,657869,7.0,0,2016,1,1,4,53,0,1,1,0,0
66459353,2016-01-01,25,658608,1.0,0,2016,1,1,4,53,0,1,1,0,0
66459354,2016-01-01,25,660502,2.0,0,2016,1,1,4,53,0,1,1,0,0
66459355,2016-01-01,25,660503,2.0,0,2016,1,1,4,53,0,1,1,0,0
66459356,2016-01-01,25,661582,4.0,0,2016,1,1,4,53,0,1,1,0,0
66459357,2016-01-01,25,664539,7.0,0,2016,1,1,4,53,0,1,1,0,0
66459358,2016-01-01,25,664543,2.0,0,2016,1,1,4,53,0,1,1,0,0
66459359,2016-01-01,25,664545,4.0,0,2016,1,1,4,53,0,1,1,0,0
66459360,2016-01-01,25,668754,2.0,0,2016,1,1,4,53,0,1,1,0,0
66459362,2016-01-01,25,671051,11.0,1,2016,1,1,4,53,0,1,1,0,0
66459363,2016-01-01,25,671055,5.0,1,2016,1,1,4,53,0,1,1,0,0
66459364,2016-01-01,25,671062,5.0,1,2016,1,1,4,53,0,1,1,0,0
66459365,2016-01-01,25,671076,6.0,1,2016,1,1,4,53,0,1,1,0,0
66459366,2016-01-01,25,671079,17.0,1,2016,1,1,4,53,0,1,1,0,0
66459367,2016-01-01,25,671083,10.0,1,2016,1,1,4,53,0,1,1,0,0
66459368,2016-01-01,25,671684,5.0,1,2016,1,1,4,53,0,1,1,0,0
66459369,2016-01-01,25,671706,5.617,1,2016,1,1,4,53,0,1,1,0,0
66459370,2016-01-01,25,671708,6.847,1,2016,1,1,4,53,0,1,1,0,0
66459372,2016-01-01,25,679602,2.0,0,2016,1,1,4,53,0,1,1,0,0
66459373,2016-01-01,25,682884,7.0,0,2016,1,1,4,53,0,1,1,0,0
66459374,2016-01-01,25,683720,4.0,0,2016,1,1,4,53,0,1,1,0,0
66459375,2016-01-01,25,683721,1.0,0,2016,1,1,4,53,0,1,1,0,0
66459376,2016-01-01,25,683723,1.0,0,2016,1,1,4,53,0,1,1,0,0
66459377,2016-01-01,25,687549,3.0,0,2016,1,1,4,53,0,1,1,0,0
66459378,2016-01-01,25,691945,1.0,0,2016,1,1,4,53,0,1,1,0,0
66459379,2016-01-01,25,692104,4.0,0,2016,1,1,4,53,0,1,1,0,0
66459380,2016-01-01,25,692105,4.0,0,2016,1,1,4,53,0,1,1,0,0
66459381,2016-01-01,25,692531,5.0,0,2016,1,1,4,53,0,1,1,0,0
66459382,2016-01-01,25,692537,5.0,0,2016,1,1,4,53,0,1,1,0,0
66459383,2016-01-01,25,696183,1.0,0,2016,1,1,4,53,0,1,1,0,0
66459384,2016-01-01,25,699687,2.023,1,2016,1,1,4,53,0,1,1,0,0
66459386,2016-01-01,25,699693,3.62,1,2016,1,1,4,53,0,1,1,0,0
66459387,2016-01-01,25,699703,3.975,1,2016,1,1,4,53,0,1,1,0,0
66459388,2016-01-01,25,700607,1.0,0,2016,1,1,4,53,0,1,1,0,0
66459389,2016-01-01,25,700609,1.0,0,2016,1,1,4,53,0,1,1,0,0
66459390,2016-01-01,25,716245,1.0,0,2016,1,1,4,53,0,1,1,0,0
66459392,2016-01-01,25,716958,2.0,0,2016,1,1,4,53,0,1,1,0,0
66459393,2016-01-01,25,723184,9.0,0,2016,1,1,4,53,0,1,1,0,0
66459394,2016-01-01,25,724003,2.0,0,2016,1,1,4,53,0,1,1,0,0
66459395,2016-01-01,25,724359,1.0,0,2016,1,1,4,53,0,1,1,0,0
66459396,2016-01-01,25,724498,5.0,0,2016,1,1,4,53,0,1,1,0,0
66459399,2016-01-01,25,732006,4.0,1,2016,1,1,4,53,0,1,1,0,0
66459400,2016-01-01,25,732007,1.0,1,2016,1,1,4,53,0,1,1,0,0
66459401,2016-01-01,25,736128,7.0,0,2016,1,1,4,53,0,1,1,0,0
66459402,2016-01-01,25,738219,4.0,0,2016,1,1,4,53,0,1,1,0,0
66459403,2016-01-01,25,740722,6.0,0,2016,1,1,4,53,0,1,1,0,0
66459404,2016-01-01,25,740726,1.0,0,2016,1,1,4,53,0,1,1,0,0
66459405,2016-01-01,25,740728,2.0,0,2016,1,1,4,53,0,1,1,0,0
66459406,2016-01-01,25,741201,5.0,1,2016,1,1,4,53,0,1,1,0,0
66459407,2016-01-01,25,742735,2.0,0,2016,1,1,4,53,0,1,1,0,0
66459408,2016-01-01,25,742738,3.0,0,2016,1,1,4,53,0,1,1,0,0
66459409,2016-01-01,25,743494,5.0,0,2016,1,1,4,53,0,1,1,0,0
66459410,2016-01-01,25,743496,10.0,0,2016,1,1,4,53,0,1,1,0,0
66459411,2016-01-01,25,743497,3.0,0,2016,1,1,4,53,0,1,1,0,0
66459413,2016-01-01,25,749720,14.0,0,2016,1,1,4,53,0,1,1,0,0
66459414,2016-01-01,25,752987,11.0,0,2016,1,1,4,53,0,1,1,0,0
66459415,2016-01-01,25,757880,6.0,0,2016,1,1,4,53,0,1,1,0,0
66459416,2016-01-01,25,759657,7.0,0,2016,1,1,4,53,0,1,1,0,0
66459417,2016-01-01,25,759694,6.0,0,2016,1,1,4,53,0,1,1,0,0
66459418,2016-01-01,25,759697,2.0,0,2016,1,1,4,53,0,1,1,0,0
66459419,2016-01-01,25,759698,4.0,0,2016,1,1,4,53,0,1,1,0,0
66459420,2016-01-01,25,759890,2.0,0,2016,1,1,4,53,0,1,1,0,0
66459421,2016-01-01,25,759893,6.0,0,2016,1,1,4,53,0,1,1,0,0
66459422,2016-01-01,25,759894,2.0,0,2016,1,1,4,53,0,1,1,0,0
66459423,2016-01-01,25,762405,1.0,0,2016,1,1,4,53,0,1,1,0,0
66459424,2016-01-01,25,765520,1.0,0,2016,1,1,4,53,0,1,1,0,0
66459425,2016-01-01,25,767183,3.0,0,2016,1,1,4,53,0,1,1,0,0
66459426,2016-01-01,25,769312,1.0,0,2016,1,1,4,53,0,1,1,0,0
66459427,2016-01-01,25,769314,1.0,0,2016,1,1,4,53,0,1,1,0,0
66459428,2016-01-01,25,770511,2.0,0,2016,1,1,4,53,0,1,1,0,0
66459429,2016-01-01,25,781794,11.0,0,2016,1,1,4,53,0,1,1,0,0
66459430,2016-01-01,25,781796,8.0,0,2016,1,1,4,53,0,1,1,0,0
66459431,2016-01-01,25,781797,1.0,0,2016,1,1,4,53,0,1,1,0,0
66459432,2016-01-01,25,789223,1.0,0,2016,1,1,4,53,0,1,1,0,0
66459433,2016-01-01,25,789224,5.0,0,2016,1,1,4,53,0,1,1,0,0
66459434,2016-01-01,25,793341,1.0,0,2016,1,1,4,53,0,1,1,0,0
66459435,2016-01-01,25,793345,2.0,0,2016,1,1,4,53,0,1,1,0,0
66459436,2016-01-01,25,794245,1.0,0,2016,1,1,4,53,0,1,1,0,0
66459437,2016-01-01,25,795612,2.0,0,2016,1,1,4,53,0,1,1,0,0
66459438,2016-01-01,25,796394,1.0,0,2016,1,1,4,53,0,1,1,0,0
66459439,2016-01-01,25,796395,1.0,0,2016,1,1,4,53,0,1,1,0,0
66459440,2016-01-01,25,796396,5.0,0,2016,1,1,4,53,0,1,1,0,0
66459441,2016-01-01,25,799461,1.0,0,2016,1,1,4,53,0,1,1,0,0
66459442,2016-01-01,25,801217,5.0,0,2016,1,1,4,53,0,1,1,0,0
66459443,2016-01-01,25,801934,3.0,0,2016,1,1,4,53,0,1,1,0,0
66459446,2016-01-01,25,802833,13.0,0,2016,1,1,4,53,0,1,1,0,0
66459447,2016-01-01,25,804503,1.0,0,2016,1,1,4,53,0,1,1,0,0
66459448,2016-01-01,25,804932,10.0,0,2016,1,1,4,53,0,1,1,0,0
66459450,2016-01-01,25,805311,2.0,0,2016,1,1,4,53,0,1,1,0,0
66459451,2016-01-01,25,805321,3.0,0,2016,1,1,4,53,0,1,1,0,0
66459452,2016-01-01,25,805788,3.0,0,2016,1,1,4,53,0,1,1,0,0
66459453,2016-01-01,25,807493,4.0,0,2016,1,1,4,53,0,1,1,0,0
66459454,2016-01-01,25,807495,2.0,0,2016,1,1,4,53,0,1,1,0,0
66459455,2016-01-01,25,809183,3.0,0,2016,1,1,4,53,0,1,1,0,0
66459456,2016-01-01,25,809184,2.0,0,2016,1,1,4,53,0,1,1,0,0
66459457,2016-01-01,25,809882,4.0,0,2016,1,1,4,53,0,1,1,0,0
66459458,2016-01-01,25,812725,1.0,0,2016,1,1,4,53,0,1,1,0,0
66459459,2016-01-01,25,812726,2.0,0,2016,1,1,4,53,0,1,1,0,0
66459460,2016-01-01,25,812728,5.0,0,2016,1,1,4,53,0,1,1,0,0
66459462,2016-01-01,25,812757,7.0,0,2016,1,1,4,53,0,1,1,0,0
66459463,2016-01-01,25,813769,3.0,0,2016,1,1,4,53,0,1,1,0,0
66459464,2016-01-01,25,816606,1.0,0,2016,1,1,4,53,0,1,1,0,0
66459465,2016-01-01,25,816679,5.963,1,2016,1,1,4,53,0,1,1,0,0
66459466,2016-01-01,25,818588,1.0,0,2016,1,1,4,53,0,1,1,0,0
66459467,2016-01-01,25,819194,2.0,0,2016,1,1,4,53,0,1,1,0,0
66459468,2016-01-01,25,819195,1.0,0,2016,1,1,4,53,0,1,1,0,0
66459469,2016-01-01,25,819206,3.614,1,2016,1,1,4,53,0,1,1,0,0
66459470,2016-01-01,25,819209,1.23,1,2016,1,1,4,53,0,1,1,0,0
66459473,2016-01-01,25,820645,1.0,0,2016,1,1,4,53,0,1,1,0,0
66459474,2016-01-01,25,821186,2.0,0,2016,1,1,4,53,0,1,1,0,0
66459475,2016-01-01,25,823245,8.0,0,2016,1,1,4,53,0,1,1,0,0
66459476,2016-01-01,25,827911,12.0,0,2016,1,1,4,53,0,1,1,0,0
66459477,2016-01-01,25,828630,12.0,1,2016,1,1,4,53,0,1,1,0,0